{"cameraMode":{"drawMode":0,"name":"Shaded","section":"Shading Mode"},"sceneLighting":false,"audioPlay":false,"sceneViewState":{"showFog":false,"showMaterialUpdate":false,"showSkybox":false,"showFlares":false,"showImageEffects":false,"showParticleSystems":false},"in2DMode":false,"pivot":{"x":-0.018646240234375,"y":7.4625244140625,"z":-7.60693359375},"rotation":{"x":0.003600398078560829,"y":-0.99593186378479,"z":0.046343814581632617,"w":0.07723721116781235},"size":1.5479470491409302,"orthographic":true}