{"cameraMode":{"drawMode":0,"name":"Shaded","section":"Shading Mode"},"sceneLighting":false,"audioPlay":false,"sceneViewState":{"showFog":false,"showMaterialUpdate":false,"showSkybox":false,"showFlares":false,"showImageEffects":false,"showParticleSystems":false},"in2DMode":false,"pivot":{"x":-0.0489501953125,"y":7.6451416015625,"z":-7.44732666015625},"rotation":{"x":0.3159293532371521,"y":0.10982584208250046,"z":0.03683504834771156,"w":-0.9416912198066711},"size":0.9841210842132568,"orthographic":true}